{
  "attack": {
    "Afghanistan": 0.43547570355020526,
    "Albania": 1.0831022591031074,
    "Alderney": 0.6169768426325993,
    "Algeria": 1.8626328041548796,
    "American Samoa": 0.14491253748638808,
    "Andorra": 0.4298756788535127,
    "Angola": 0.9328645356571497,
    "Anguilla": 0.05646939745773884,
    "Antigua and Barbuda": 0.19883468947084815,
    "Argentina": 3.043034034436616,
    "Armenia": 1.0499746415067597,
    "Aruba": 0.36125875704012106,
    "Australia": 1.63540843452243,
    "Austria": 2.2250250903046935,
    "Aymara": 0.606345304991012,
    "Azerbaijan": 0.9580380861217774,
    "Bahamas": 0.2671958845550583,
    "Bahrain": 0.9494773344987497,
    "Bangladesh": 0.2470029747809699,
    "Barbados": 0.34477891723809106,
    "Basque Country": 0.9916827942454306,
    "Belarus": 0.743961005992489,
    "Belgium": 2.2505884836287957,
    "Belize": 0.2745541384742853,
    "Benin": 1.0098139988077273,
    "Bermuda": 0.5510805146414745,
    "Bhutan": 0.1782930372982603,
    "Biafra": 0.5952846441079412,
    "Bolivia": 1.837807283707603,
    "Bonaire": 0.2411460538531655,
    "Bosnia and Herzegovina": 0.9313081535590993,
    "Botswana": 0.7593058201899618,
    "Brazil": 3.3325983210856527,
    "British Virgin Islands": 0.12020063822111424,
    "Brunei": 0.20298044393157333,
    "Bulgaria": 0.9491607008542886,
    "Burkina Faso": 1.1934508315446248,
    "Burundi": 0.9063736758701569,
    "Cambodia": 0.3938301514885321,
    "Cameroon": 1.394263995363831,
    "Canada": 1.7406297830814932,
    "Cape Verde": 0.9777126790208296,
    "Cayman Islands": 0.1827792365652756,
    "Central African Republic": 0.8594483028050969,
    "Chad": 0.24459364274726023,
    "Chameria": 1.1040546960373254,
    "Chile": 1.645286722612481,
    "China": 0.8871281670202659,
    "Colombia": 2.8380427072524514,
    "Comoros": 1.0196167327252734,
    "Congo": 0.7425311870474787,
    "Cook Islands": 0.15172717320099452,
    "Costa Rica": 1.2450740431486604,
    "Croatia": 2.124571133435889,
    "Cuba": 0.5870554858648163,
    "Cura\u00e7ao": 0.7559840150429127,
    "Cyprus": 0.8374467002658378,
    "Czech Republic": 2.0055619862260436,
    "DR Congo": 1.0110245891210328,
    "Denmark": 2.193747324084935,
    "Djibouti": 0.4792745336894558,
    "Dominica": 0.26530065016376814,
    "Dominican Republic": 0.7426512293367016,
    "Ecuador": 1.84436859725057,
    "Egypt": 1.4788075088015997,
    "El Salvador": 0.6149991941582122,
    "Elba Island": 2.2434367894760645,
    "England": 2.706157302493333,
    "Equatorial Guinea": 0.8740693697130729,
    "Estonia": 0.8380544457518081,
    "Eswatini": 0.6573056074190279,
    "Ethiopia": 0.7319360786161556,
    "Falkland Islands": 0.48415891928378346,
    "Faroe Islands": 0.7279622391338239,
    "Fiji": 0.6705008332970431,
    "Finland": 1.1835153876979712,
    "France": 2.623343810995871,
    "French Guiana": 0.6184289766141747,
    "Fr\u00f8ya": 0.6180879402712812,
    "Gabon": 1.0435795770230758,
    "Galicia": 0.5385841520875645,
    "Gambia": 0.918662660010063,
    "Georgia": 1.8673470539509405,
    "Germany": 3.1255404380736085,
    "Ghana": 1.033577880581558,
    "Gibraltar": 0.3392908299767868,
    "Gozo": 0.5346240243124282,
    "Greece": 1.7449481421486084,
    "Greenland": 0.6055581027440907,
    "Grenada": 0.3615910658318427,
    "Guadeloupe": 0.5634067344247011,
    "Guam": 0.15247576413403705,
    "Guatemala": 0.8359634720992242,
    "Guernsey": 1.021653124582615,
    "Guinea": 1.0981763953948172,
    "Guinea-Bissau": 0.8117211195561386,
    "Guyana": 0.6981052490732124,
    "Haiti": 1.024708003448323,
    "Hmong": 1.1707130385278375,
    "Honduras": 1.1187314210464008,
    "Hong Kong": 0.5668389555533095,
    "Hungary": 1.5239148075667128,
    "Iceland": 1.321478299479388,
    "India": 0.46335734238274595,
    "Indonesia": 0.7688145225102165,
    "Iran": 1.7748916812369704,
    "Iraq": 1.1224285709094208,
    "Isle of Man": 0.8650538196317701,
    "Isle of Wight": 1.4131336372671286,
    "Israel": 1.805610926767202,
    "Italy": 2.2915185427777818,
    "Ivory Coast": 1.343985744585551,
    "Jamaica": 1.0968820884390655,
    "Japan": 2.8040590706198474,
    "Jersey": 2.520547483743467,
    "Jordan": 1.3409308551901036,
    "Kazakhstan": 0.933444417416709,
    "Kenya": 0.8253541309004401,
    "Kernow": 0.9358461974742108,
    "Kosovo": 1.2457207981921472,
    "Kuwait": 0.7148162429375388,
    "Kyrgyzstan": 0.8288214100081795,
    "Laos": 0.3063074836468719,
    "Latvia": 0.8418269188761827,
    "Lebanon": 0.5259934674235612,
    "Lesotho": 0.5437343727960362,
    "Liberia": 0.6419514111517514,
    "Libya": 0.9040390491907858,
    "Liechtenstein": 0.17621706915318033,
    "Lithuania": 0.6848104337805708,
    "Luxembourg": 0.8814032787649515,
    "Macau": 0.04293089955311963,
    "Madagascar": 0.7390226745703596,
    "Malawi": 0.6975544590453776,
    "Malaysia": 0.7805608302371119,
    "Maldives": 0.368501038428896,
    "Mali": 1.298314147470209,
    "Malta": 0.7579887802548477,
    "Mapuche": 0.8613401791585579,
    "Martinique": 0.756227810651791,
    "Matabeleland": 0.6695107573906719,
    "Maule Sur": 0.7567418498007012,
    "Mauritania": 0.6772700416984901,
    "Mauritius": 0.426591094008955,
    "Mayotte": 0.4578561270663029,
    "Menorca": 0.7964689115965838,
    "Mexico": 1.6523276065959562,
    "Moldova": 0.8367396997583401,
    "Mongolia": 0.14578600938208572,
    "Montenegro": 1.0709201502429997,
    "Montserrat": 0.38288269172349426,
    "Morocco": 1.8703301275214756,
    "Mozambique": 1.0050391363189024,
    "Myanmar": 0.3211630209905033,
    "Namibia": 0.7363756457916982,
    "Nepal": 0.3364952254169866,
    "Netherlands": 2.902669057151088,
    "New Caledonia": 0.8230722841180458,
    "New Zealand": 1.4158578257350125,
    "Nicaragua": 0.7969013907838887,
    "Niger": 0.8562863435411452,
    "Nigeria": 1.247839219164741,
    "North Korea": 0.8751823415784997,
    "North Macedonia": 1.2940370485302506,
    "Northern Ireland": 1.1509812363841017,
    "Northern Mariana Islands": 0.28738352968424974,
    "Norway": 2.1097725031793004,
    "Oman": 0.9581577455002533,
    "Orkney": 0.6905081086418768,
    "Pakistan": 0.0907829541959931,
    "Palestine": 0.8755478277460327,
    "Panama": 1.5784909228885908,
    "Papua New Guinea": 0.5647788052344205,
    "Paraguay": 1.5592261175429114,
    "Peru": 1.37167578450574,
    "Philippines": 0.4669547072723507,
    "Poland": 2.0024956482808167,
    "Portugal": 2.9033576657765483,
    "Puerto Rico": 0.545971247549835,
    "Qatar": 1.3901386190022134,
    "Raetia": 1.3010907542933123,
    "Republic of Ireland": 1.2785610269120953,
    "Romania": 1.3401914802815325,
    "Russia": 1.9628923153343822,
    "Rwanda": 0.7050297971176196,
    "R\u00e9union": 0.5303349294055446,
    "Saint Barth\u00e9lemy": 1.016472324581465,
    "Saint Helena": 0.4679299177908539,
    "Saint Kitts and Nevis": 0.32033175109174705,
    "Saint Lucia": 0.4078288598053996,
    "Saint Martin": 0.623676033598024,
    "Saint Vincent and the Grenadines": 0.7125412100122926,
    "Samoa": 0.2956245798596429,
    "San Marino": 0.27723644273505577,
    "Saudi Arabia": 1.0316212952515345,
    "Scotland": 1.7257685398328433,
    "Senegal": 1.4316579384928299,
    "Serbia": 2.0214781274741043,
    "Seychelles": 0.2836223895809976,
    "Shetland": 1.3884270570090713,
    "Sierra Leone": 0.7481744163562954,
    "Singapore": 0.5026731665900026,
    "Sint Maarten": 0.38561888072283174,
    "Slovakia": 1.3820308990011647,
    "Slovenia": 1.4473432195649514,
    "Solomon Islands": 0.5891374326461347,
    "Somalia": 0.37274826852658965,
    "South Africa": 1.1674805467059435,
    "South Korea": 1.6926012042132412,
    "South Sudan": 0.5230220710021195,
    "Spain": 3.2826053210905966,
    "Sri Lanka": 0.17838889650085693,
    "Sudan": 0.7496013657931965,
    "Suriname": 0.6838899032935482,
    "Sweden": 2.1155850675572903,
    "Switzerland": 2.1567884233739294,
    "Syria": 0.806347368066684,