{
  "n_train": 11224,
  "n_val": 2245,
  "n_ko_train": 6426,
  "over_2_5_logloss": 0.44434715379720613,
  "over_logloss": {
    "0.5": 0.17964089187634313,
    "1.5": 0.3587595366346756,
    "2.5": 0.44434715379720613,
    "3.5": 0.42109356735889014,
    "4.5": 0.30694925148106955,
    "5.5": 0.20602427086008324
  },
  "btts_logloss": 0.41424619889608527,
  "et_logloss": 0.23839151609119014,
  "trained_at": "2026-07-05T20:06:35.047275"
}